{
    "name": "root",
    "gauges": {
        "AntAgent.Policy.Entropy.mean": {
            "value": 1.5233596563339233,
            "min": 0.9922831058502197,
            "max": 2.766611337661743,
            "count": 25
        },
        "AntAgent.Policy.Entropy.sum": {
            "value": 3017.775390625,
            "min": 1962.7359619140625,
            "max": 5666.02001953125,
            "count": 25
        },
        "AntAgent.Step.mean": {
            "value": 49973.0,
            "min": 1990.0,
            "max": 49973.0,
            "count": 25
        },
        "AntAgent.Step.sum": {
            "value": 49973.0,
            "min": 1990.0,
            "max": 49973.0,
            "count": 25
        },
        "AntAgent.Policy.ExtrinsicValueEstimate.mean": {
            "value": 0.2616960406303406,
            "min": -32.789398193359375,
            "max": 2.3719987869262695,
            "count": 25
        },
        "AntAgent.Policy.ExtrinsicValueEstimate.sum": {
            "value": 8.635969161987305,
            "min": -1147.62890625,
            "max": 83.01995849609375,
            "count": 25
        },
        "AntAgent.Environment.EpisodeLength.mean": {
            "value": 184.3,
            "min": 121.9375,
            "max": 236.875,
            "count": 25
        },
        "AntAgent.Environment.EpisodeLength.sum": {
            "value": 1843.0,
            "min": 1806.0,
            "max": 2206.0,
            "count": 25
        },
        "AntAgent.Environment.CumulativeReward.mean": {
            "value": 1.1881816278804431,
            "min": -80.25847003895502,
            "max": 5.484166549518704,
            "count": 25
        },
        "AntAgent.Environment.CumulativeReward.sum": {
            "value": 13.069997906684875,
            "min": -1043.3601105064154,
            "max": 65.80999859422445,
            "count": 25
        },
        "AntAgent.Policy.ExtrinsicReward.mean": {
            "value": 1.1881816278804431,
            "min": -80.25847003895502,
            "max": 5.484166549518704,
            "count": 25
        },
        "AntAgent.Policy.ExtrinsicReward.sum": {
            "value": 13.069997906684875,
            "min": -1043.3601105064154,
            "max": 65.80999859422445,
            "count": 25
        },
        "AntAgent.Losses.PolicyLoss.mean": {
            "value": 0.24072276125828054,
            "min": 0.2318598729381577,
            "max": 0.25949704876354973,
            "count": 25
        },
        "AntAgent.Losses.PolicyLoss.sum": {
            "value": 3.610841418874208,
            "min": 3.4778980940723656,
            "max": 4.348453243790841,
            "count": 25
        },
        "AntAgent.Losses.ValueLoss.mean": {
            "value": 5.839382069208761,
            "min": 1.3148045377238304,
            "max": 521.933801826245,
            "count": 25
        },
        "AntAgent.Losses.ValueLoss.sum": {
            "value": 87.59073103813141,
            "min": 21.036872603581287,
            "max": 7829.007027393675,
            "count": 25
        },
        "AntAgent.Policy.LearningRate.mean": {
            "value": 5.968098010666673e-06,
            "min": 5.968098010666673e-06,
            "max": 0.0002937144020951999,
            "count": 25
        },
        "AntAgent.Policy.LearningRate.sum": {
            "value": 8.95214701600001e-05,
            "min": 8.95214701600001e-05,
            "max": 0.004405716031427999,
            "count": 25
        },
        "AntAgent.Policy.Epsilon.mean": {
            "value": 0.10198933333333333,
            "min": 0.10198933333333333,
            "max": 0.1979048,
            "count": 25
        },
        "AntAgent.Policy.Epsilon.sum": {
            "value": 1.52984,
            "min": 1.52984,
            "max": 3.0393779999999997,
            "count": 25
        },
        "AntAgent.Policy.Beta.mean": {
            "value": 0.0005000000000000002,
            "min": 0.0005,
            "max": 0.0005000000000000002,
            "count": 25
        },
        "AntAgent.Policy.Beta.sum": {
            "value": 0.007500000000000003,
            "min": 0.007500000000000003,
            "max": 0.0085,
            "count": 25
        },
        "AntAgent.IsTraining.mean": {
            "value": 1.0,
            "min": 1.0,
            "max": 1.0,
            "count": 25
        },
        "AntAgent.IsTraining.sum": {
            "value": 1.0,
            "min": 1.0,
            "max": 1.0,
            "count": 25
        }
    },
    "metadata": {
        "timer_format_version": "0.1.0",
        "start_time_seconds": "1715204789",
        "python_version": "3.9.18 (main, Sep 11 2023, 14:09:26) [MSC v.1916 64 bit (AMD64)]",
        "command_line_arguments": "C:\\ProgramData\\anaconda3\\envs\\mlagents\\Scripts\\mlagents-learn config/CubeAgent.yaml --run-id=camtryout --force",
        "mlagents_version": "0.30.0",
        "mlagents_envs_version": "0.30.0",
        "communication_protocol_version": "1.5.0",
        "pytorch_version": "1.7.1+cu110",
        "numpy_version": "1.21.2",
        "end_time_seconds": "1715205508"
    },
    "total": 718.6237024,
    "count": 1,
    "self": 0.006416799999897194,
    "children": {
        "run_training.setup": {
            "total": 0.06616739999999999,
            "count": 1,
            "self": 0.06616739999999999
        },
        "TrainerController.start_learning": {
            "total": 718.5511182,
            "count": 1,
            "self": 0.8314198999848941,
            "children": {
                "TrainerController._reset_env": {
                    "total": 6.9338715,
                    "count": 1,
                    "self": 6.9338715
                },
                "TrainerController.advance": {
                    "total": 710.6144633000152,
                    "count": 50278,
                    "self": 0.6616100000202323,
                    "children": {
                        "env_step": {
                            "total": 485.62323209999795,
                            "count": 50278,
                            "self": 398.987287899998,
                            "children": {
                                "SubprocessEnvManager._take_step": {
                                    "total": 85.87330090000255,
                                    "count": 50278,
                                    "self": 1.7430765000021609,
                                    "children": {
                                        "TorchPolicy.evaluate": {
                                            "total": 84.13022440000039,
                                            "count": 50037,
                                            "self": 84.13022440000039
                                        }
                                    }
                                },
                                "workers": {
                                    "total": 0.762643299997384,
                                    "count": 50278,
                                    "self": 0.0,
                                    "children": {
                                        "worker_root": {
                                            "total": 710.1600141999917,
                                            "count": 50278,
                                            "is_parallel": true,
                                            "self": 350.4494083999949,
                                            "children": {
                                                "steps_from_proto": {
                                                    "total": 0.01153050000000011,
                                                    "count": 1,
                                                    "is_parallel": true,
                                                    "self": 0.0009322000000011599,