{"count":1,"self":199.71063039999999,"total":200.8900557,"children":{"AgentSendState":{"count":9726,"self":0.3238513,"total":0.3433692,"children":{"CollectObservations":{"count":1401,"self":0.0050065,"total":0.0050065,"children":null},"WriteActionMask":{"count":1401,"self":0.0015007999999999998,"total":0.0015007999999999998,"children":null},"RequestDecision":{"count":1401,"self":0.013010599999999999,"total":0.013010599999999999,"children":null}}},"DecideAction":{"count":9726,"self":0.77799699999999994,"total":0.79951469999999991,"children":{"RayPerceptionSensor.Perceive":{"count":2802,"self":0.0215177,"total":0.0215177,"children":null}}},"AgentAct":{"count":9726,"self":0.0310334,"total":0.0310334,"children":null},"InitializeActuators":{"count":3,"self":0.0005007,"total":0.0005007,"children":null},"InitializeSensors":{"count":3,"self":0.0020020999999999997,"total":0.0045033999999999994,"children":{"CreateObservableSensors":{"count":3,"self":0.0025012999999999997,"total":0.0025012999999999997,"children":null}}}},"gauges":{"AntAgent.CumulativeReward":{"count":23,"max":26.5,"min":-10,"runningAverage":7.17391348,"value":-5,"weightedAverage":1.04729152}},"metadata":{"timer_format_version":"0.1.0","start_time_seconds":"1715977212","unity_version":"2022.3.14f1","command_line_arguments":"C:\\Program Files\\Unity\\Hub\\Editor\\2022.3.14f1\\Editor\\Unity.exe -projectpath D:\\Vakken\\VRExperience\\SmartAnt -useHub -hubIPC -cloudEnvironment production -licensingIpc LicenseClient-yasso -hubSessionId 3e328671-5d09-4a24-9f2c-da62ddf1f657 -accessToken FhDklU0JFAIMxj6dvYRX0AA7HdKH_dskmjZESr2aLb0008f","communication_protocol_version":"1.5.0","com.unity.ml-agents_version":"2.0.1","scene_name":"Scene Room","end_time_seconds":"1715977413"}}