{"count":1,"self":35.067740799999996,"total":35.3429211,"children":{"InitializeActuators":{"count":1,"self":0.0015015999999999999,"total":0.0015015999999999999,"children":null},"InitializeSensors":{"count":1,"self":0.0020015,"total":0.0040033,"children":{"CreateObservableSensors":{"count":1,"self":0.0020017999999999998,"total":0.0020017999999999998,"children":null}}},"AgentSendState":{"count":1480,"self":0.0490438,"total":0.0625559,"children":{"CollectObservations":{"count":296,"self":0.0025028999999999997,"total":0.0025028999999999997,"children":null},"WriteActionMask":{"count":296,"self":0.001001,"total":0.001001,"children":null},"RequestDecision":{"count":296,"self":0.0100082,"total":0.0100082,"children":null}}},"DecideAction":{"count":1480,"self":0.1971106,"total":0.20211669999999998,"children":{"RayPerceptionSensor.Perceive":{"count":592,"self":0.0050060999999999994,"total":0.0050060999999999994,"children":null}}},"AgentAct":{"count":1480,"self":0.0045039,"total":0.0045039,"children":null}},"gauges":{},"metadata":{"timer_format_version":"0.1.0","start_time_seconds":"1715359574","unity_version":"2022.3.14f1","command_line_arguments":"C:\\Program Files\\Unity\\Hub\\Editor\\2022.3.14f1\\Editor\\Unity.exe -projectPath D:\\Vakken\\VRExperience\\SmartAnt","communication_protocol_version":"1.5.0","com.unity.ml-agents_version":"2.0.1","scene_name":"Scene Room","end_time_seconds":"1715359609"}}