{
    "name": "root",
    "gauges": {
        "AntAgent.Policy.Entropy.mean": {
            "value": 2.264451742172241,
            "min": 1.2042851448059082,
            "max": 2.810316562652588,
            "count": 125
        },
        "AntAgent.Policy.Entropy.sum": {
            "value": 4528.9033203125,
            "min": 2408.5703125,
            "max": 5730.2353515625,
            "count": 125
        },
        "AntAgent.Step.mean": {
            "value": 249943.0,
            "min": 1975.0,
            "max": 249943.0,
            "count": 125
        },
        "AntAgent.Step.sum": {
            "value": 249943.0,
            "min": 1975.0,
            "max": 249943.0,
            "count": 125
        },
        "AntAgent.Policy.ExtrinsicValueEstimate.mean": {
            "value": 0.04479629918932915,
            "min": -0.8669415712356567,
            "max": 0.4009535014629364,
            "count": 125
        },
        "AntAgent.Policy.ExtrinsicValueEstimate.sum": {
            "value": 1.4334815740585327,
            "min": -30.342954635620117,
            "max": 13.231465339660645,
            "count": 125
        },
        "AntAgent.Policy.GailValueEstimate.mean": {
            "value": 44.80180358886719,
            "min": 8.055882453918457,
            "max": 77.10879516601562,
            "count": 125
        },
        "AntAgent.Policy.GailValueEstimate.sum": {
            "value": 1433.65771484375,
            "min": 257.7882385253906,
            "max": 2467.4814453125,
            "count": 125
        },
        "AntAgent.Losses.PolicyLoss.mean": {
            "value": 0.16129452860107935,
            "min": 0.15408682749071115,
            "max": 0.19479779731103036,
            "count": 125
        },
        "AntAgent.Losses.PolicyLoss.sum": {
            "value": 1.2903562288086348,
            "min": 1.1460033068278332,
            "max": 1.6325309505339858,
            "count": 125
        },
        "AntAgent.Losses.ValueLoss.mean": {
            "value": 40.117436089449455,
            "min": 1.2948148403871766,
            "max": 1136.328233721431,
            "count": 125
        },
        "AntAgent.Losses.ValueLoss.sum": {
            "value": 320.93948871559564,
            "min": 10.358518723097413,
            "max": 9090.625869771447,
            "count": 125
        },
        "AntAgent.Policy.LearningRate.mean": {
            "value": 4.252099574799993e-06,
            "min": 4.252099574799993e-06,
            "max": 0.0009955010004499,
            "count": 125
        },
        "AntAgent.Policy.LearningRate.sum": {
            "value": 3.401679659839994e-05,
            "min": 3.401679659839994e-05,
            "max": 0.0079640080035992,
            "count": 125
        },
        "AntAgent.Policy.Epsilon.mean": {
            "value": 0.1004252,
            "min": 0.1004252,
            "max": 0.1995501,
            "count": 125
        },
        "AntAgent.Policy.Epsilon.sum": {
            "value": 0.8034016,
            "min": 0.8034016,
            "max": 1.6235684000000001,
            "count": 125
        },
        "AntAgent.Policy.Beta.mean": {
            "value": 0.003,
            "min": 0.003,
            "max": 0.0030000000000000005,
            "count": 125
        },
        "AntAgent.Policy.Beta.sum": {
            "value": 0.024,
            "min": 0.021,
            "max": 0.027,
            "count": 125
        },
        "AntAgent.Policy.GAILPolicyEstimate.mean": {
            "value": 0.09803469245518426,
            "min": 0.017948230385949077,
            "max": 0.38570398112965953,
            "count": 125
        },
        "AntAgent.Policy.GAILPolicyEstimate.sum": {
            "value": 0.7842775396414741,
            "min": 0.14358584308759262,
            "max": 3.0856318490372763,
            "count": 125
        },
        "AntAgent.Policy.GAILExpertEstimate.mean": {
            "value": 0.8991516371718561,
            "min": 0.630803852022221,
            "max": 0.9688926995026342,
            "count": 125
        },
        "AntAgent.Policy.GAILExpertEstimate.sum": {
            "value": 7.193213097374849,
            "min": 5.046430816177768,
            "max": 7.751141596021074,
            "count": 125
        },
        "AntAgent.Losses.GAILLoss.mean": {
            "value": 0.26275895598798404,
            "min": 0.05688847303172959,
            "max": 1.0285086574014088,
            "count": 125
        },
        "AntAgent.Losses.GAILLoss.sum": {
            "value": 2.1020716479038724,
            "min": 0.45510778425383674,
            "max": 8.22806925921127,
            "count": 125
        },
        "AntAgent.Policy.GAILGradMagLoss.mean": {
            "value": 0.06054416818413742,
            "min": 0.032898199979925526,
            "max": 1.7532798486056203,
            "count": 125
        },
        "AntAgent.Policy.GAILGradMagLoss.sum": {
            "value": 0.4843533454730994,
            "min": 0.2631855998394042,
            "max": 14.026238788844962,
            "count": 125
        },
        "AntAgent.Environment.EpisodeLength.mean": {
            "value": 999.0,
            "min": 148.5,
            "max": 999.0,
            "count": 125
        },
        "AntAgent.Environment.EpisodeLength.sum": {
            "value": 1998.0,
            "min": 1092.0,
            "max": 2866.0,
            "count": 125
        },
        "AntAgent.Environment.CumulativeReward.mean": {
            "value": 0.20000000298023224,
            "min": -3.311111102501551,
            "max": 2.3000000566244125,
            "count": 125
        },
        "AntAgent.Environment.CumulativeReward.sum": {
            "value": 0.4000000059604645,
            "min": -29.799999922513962,
            "max": 9.000000298023224,
            "count": 125
        },
        "AntAgent.Policy.ExtrinsicReward.mean": {
            "value": 0.12000000476837158,
            "min": -1.9866666661368475,
            "max": 1.3799999952316284,
            "count": 125
        },
        "AntAgent.Policy.ExtrinsicReward.sum": {
            "value": 0.24000000953674316,
            "min": -17.87999999523163,
            "max": 5.400000095367432,
            "count": 125
        },
        "AntAgent.Policy.GailReward.mean": {
            "value": 366.2204065322876,
            "min": 39.745048847049475,
            "max": 1029.8206512331963,
            "count": 125
        },
        "AntAgent.Policy.GailReward.sum": {
            "value": 732.4408130645752,
            "min": 79.49009769409895,
            "max": 2059.6413024663925,
            "count": 125
        },
        "AntAgent.IsTraining.mean": {
            "value": 1.0,
            "min": 1.0,
            "max": 1.0,
            "count": 125
        },
        "AntAgent.IsTraining.sum": {
            "value": 1.0,
            "min": 1.0,
            "max": 1.0,
            "count": 125
        }
    },
    "metadata": {
        "timer_format_version": "0.1.0",
        "start_time_seconds": "1714903838",
        "python_version": "3.9.18 (main, Sep 11 2023, 14:09:26) [MSC v.1916 64 bit (AMD64)]",
        "command_line_arguments": "C:\\ProgramData\\anaconda3\\envs\\mlagents\\Scripts\\mlagents-learn config/antagent.yaml --run-id=test001 --force",
        "mlagents_version": "0.30.0",
        "mlagents_envs_version": "0.30.0",
        "communication_protocol_version": "1.5.0",
        "pytorch_version": "1.7.1+cu110",
        "numpy_version": "1.21.2",
        "end_time_seconds": "1714905522"
    },
    "total": 1683.9409142,
    "count": 1,
    "self": 0.007226399999808564,
    "children": {
        "run_training.setup": {
            "total": 0.06443909999999997,
            "count": 1,
            "self": 0.06443909999999997
        },
        "TrainerController.start_learning": {
            "total": 1683.8692487,
            "count": 1,
            "self": 2.50809169999593,