{
    "name": "root",
    "gauges": {
        "AntAgent.Policy.Entropy.mean": {
            "value": 1.7959216833114624,
            "min": 1.7442035675048828,
            "max": 2.698558807373047,
            "count": 23
        },
        "AntAgent.Policy.Entropy.sum": {
            "value": 3656.49658203125,
            "min": 3491.8955078125,
            "max": 5351.2421875,
            "count": 23
        },
        "AntAgent.Step.mean": {
            "value": 45975.0,
            "min": 1945.0,
            "max": 45975.0,
            "count": 23
        },
        "AntAgent.Step.sum": {
            "value": 45975.0,
            "min": 1945.0,
            "max": 45975.0,
            "count": 23
        },
        "AntAgent.Policy.ExtrinsicValueEstimate.mean": {
            "value": 0.05524751543998718,
            "min": -0.3412226736545563,
            "max": 0.1583520919084549,
            "count": 23
        },
        "AntAgent.Policy.ExtrinsicValueEstimate.sum": {
            "value": 1.9889105558395386,
            "min": -11.601571083068848,
            "max": 5.542323112487793,
            "count": 23
        },
        "AntAgent.Policy.GailValueEstimate.mean": {
            "value": 34.67823791503906,
            "min": 30.009607315063477,
            "max": 63.293182373046875,
            "count": 23
        },
        "AntAgent.Policy.GailValueEstimate.sum": {
            "value": 1248.4166259765625,
            "min": 990.3170166015625,
            "max": 2088.675048828125,
            "count": 23
        },
        "AntAgent.Environment.EpisodeLength.mean": {
            "value": 196.77777777777777,
            "min": 196.77777777777777,
            "max": 794.0,
            "count": 23
        },
        "AntAgent.Environment.EpisodeLength.sum": {
            "value": 1771.0,
            "min": 1108.0,
            "max": 2631.0,
            "count": 23
        },
        "AntAgent.Environment.CumulativeReward.mean": {
            "value": 0.08888889021343654,
            "min": -2.0285714247397015,
            "max": 0.6500000320374966,
            "count": 23
        },
        "AntAgent.Environment.CumulativeReward.sum": {
            "value": 0.800000011920929,
            "min": -14.19999997317791,
            "max": 2.6000001281499863,
            "count": 23
        },
        "AntAgent.Policy.ExtrinsicReward.mean": {
            "value": 0.008888889518049028,
            "min": -0.20285714231431484,
            "max": 0.0650000018067658,
            "count": 23
        },
        "AntAgent.Policy.ExtrinsicReward.sum": {
            "value": 0.08000000566244125,
            "min": -1.419999996200204,
            "max": 0.2600000072270632,
            "count": 23
        },
        "AntAgent.Policy.GailReward.mean": {
            "value": 103.07591166761186,
            "min": 103.07591166761186,
            "max": 382.51161426802474,
            "count": 23
        },
        "AntAgent.Policy.GailReward.sum": {
            "value": 927.6832050085068,
            "min": 543.5139274597168,
            "max": 1910.626689195633,
            "count": 23
        },
        "AntAgent.Losses.PolicyLoss.mean": {
            "value": 0.25399064304183616,
            "min": 0.2248800323150766,
            "max": 0.2607321607830163,
            "count": 23
        },
        "AntAgent.Losses.PolicyLoss.sum": {
            "value": 4.063850288669379,
            "min": 3.373200484726149,
            "max": 4.171714572528261,
            "count": 23
        },
        "AntAgent.Losses.ValueLoss.mean": {
            "value": 36.36934561784556,
            "min": 15.676957190749505,
            "max": 58.044867031409666,
            "count": 23
        },
        "AntAgent.Losses.ValueLoss.sum": {
            "value": 581.909529885529,
            "min": 235.15435786124257,
            "max": 928.7178725025547,
            "count": 23
        },
        "AntAgent.Policy.LearningRate.mean": {
            "value": 0.002100120029996,
            "min": 0.002100120029996,
            "max": 0.0029791986673600446,
            "count": 23
        },
        "AntAgent.Policy.LearningRate.sum": {
            "value": 0.033601920479936,
            "min": 0.03211376042954133,
            "max": 0.047033140032228665,
            "count": 23
        },
        "AntAgent.Policy.Epsilon.mean": {
            "value": 0.17000400000000002,
            "min": 0.17000400000000002,
            "max": 0.19930662222222228,
            "count": 23
        },
        "AntAgent.Policy.Epsilon.sum": {
            "value": 2.7200640000000003,
            "min": 2.5704586666666662,
            "max": 3.1677713333333335,
            "count": 23
        },
        "AntAgent.Policy.Beta.mean": {
            "value": 0.0005,
            "min": 0.0005,
            "max": 0.0005000000000000002,
            "count": 23
        },
        "AntAgent.Policy.Beta.sum": {
            "value": 0.008,
            "min": 0.007500000000000003,
            "max": 0.008,
            "count": 23
        },
        "AntAgent.Policy.GAILPolicyEstimate.mean": {
            "value": 0.2566550995282123,
            "min": 0.21446255610637296,
            "max": 0.40441018124059475,
            "count": 23
        },
        "AntAgent.Policy.GAILPolicyEstimate.sum": {
            "value": 4.106481592451397,
            "min": 3.2169383415955943,
            "max": 6.134056840129572,
            "count": 23
        },
        "AntAgent.Policy.GAILExpertEstimate.mean": {
            "value": 0.7519983285600033,
            "min": 0.6062400159080652,
            "max": 0.7880607234415489,
            "count": 23
        },
        "AntAgent.Policy.GAILExpertEstimate.sum": {
            "value": 12.031973256960052,
            "min": 9.093600238620978,
            "max": 12.032474766884532,
            "count": 23
        },
        "AntAgent.Losses.GAILLoss.mean": {
            "value": 0.6621679467464172,
            "min": 0.541198288409806,
            "max": 1.1270403206771298,
            "count": 23
        },
        "AntAgent.Losses.GAILLoss.sum": {
            "value": 10.594687147942675,
            "min": 8.11797432614709,
            "max": 16.905604810156948,
            "count": 23
        },
        "AntAgent.Policy.GAILGradMagLoss.mean": {
            "value": 0.08001672665642172,
            "min": 0.06146244690260372,
            "max": 0.9098789832431343,
            "count": 23
        },
        "AntAgent.Policy.GAILGradMagLoss.sum": {
            "value": 1.2802676265027475,
            "min": 0.9833991504416595,
            "max": 13.648184748647015,
            "count": 23
        },
        "AntAgent.IsTraining.mean": {
            "value": 1.0,
            "min": 1.0,
            "max": 1.0,
            "count": 23
        },
        "AntAgent.IsTraining.sum": {
            "value": 1.0,
            "min": 1.0,
            "max": 1.0,
            "count": 23
        }
    },
    "metadata": {
        "timer_format_version": "0.1.0",
        "start_time_seconds": "1714870525",
        "python_version": "3.9.18 (main, Sep 11 2023, 14:09:26) [MSC v.1916 64 bit (AMD64)]",
        "command_line_arguments": "C:\\ProgramData\\anaconda3\\envs\\mlagents\\Scripts\\mlagents-learn config/antagent.yaml --run-id=test001 --force",
        "mlagents_version": "0.30.0",
        "mlagents_envs_version": "0.30.0",
        "communication_protocol_version": "1.5.0",
        "pytorch_version": "1.7.1+cu110",
        "numpy_version": "1.21.2",
        "end_time_seconds": "1714870884"
    },
    "total": 359.746097,
    "count": 1,
    "self": 0.0057944000000702545,
    "children": {
        "run_training.setup": {
            "total": 0.06701029999999997,
            "count": 1,
            "self": 0.06701029999999997
        },
        "TrainerController.start_learning": {
            "total": 359.67329229999996,
            "count": 1,
            "self": 0.4438111000055187,